CATEGORIA,ELEMENTO,CANTIDAD,UBICACION,LINK_REFERENCIA,OBSERVACIONES
Amplificador,Amplificador De Instrumantacion Ad620,35,Gabinete Parte Superior,https://www.vistronica.com/componentes-activos/amplificadores-operacionales/amplificador-de-instrumentacion-ad620an-detail.html,
Amplificador,Amplificador De Instrumantacion Ina114,40,Gabinete Parte Superior,https://www.vistronica.com/componentes-activos/amplificadores-operacionales/amplificador-de-instrumentacion-ina114ap-detail.html,
Amplificador,Amplificador Operacional Lm324,15,Gabinete Parte Superior,https://www.vistronica.com/componentes-activos/amplificadores-operacionales/amplificador-operacional-lm324n-detail.html,
Amplificador,Amplificador Operacional Lm348,40,Gabinete Parte Superior,https://www.vistronica.com/componentes-activos/amplificadores-operacionales/amplificador-operacional-lm348n-dip-detail.html,
Amplificador,Amplificador Operacional Lm358,20,Gabinete Parte Superior,https://www.vistronica.com/componentes-activos/amplificador-operacional-dual-lm358-detail.html,
Amplificador,Amplificador Operacional Lm741,15,Gabinete Parte Superior,https://www.didacticaselectronicas.com.co/shop/lm741-amplificador-operacional-lm741-ua741-7930#attr=,
Amplificador,Amplificador Operacional Tl082,105,Gabinete Parte Superior,https://www.didacticaselectronicas.com.co/shop/tl082cp-amplificador-operacional-tl082-through-hole-33591#attr=,
Amplificador,Amplificador Operacional Tl084,90,Gabinete Parte Superior,https://www.didacticaselectronicas.com.co/shop/tl084-amp-operacional-tl084-5962#attr=,
Arduino,Arduino Mega 2560 Con Ch340,8,Gabienete Parte Inferior,https://www.vistronica.com/board-de-desarrollo/arduino/board/arduino-mega-2560-con-ch340-detail.html,
Arduino,Arduino Nano ,21,Gabienete Parte Inferior,https://www.vistronica.com/board-de-desarrollo/arduino/board/arduino-nano-v3-0-ft232-detail.html,
Arduino,Arduino Uno R3 Compatible,25,Gabienete Parte Inferior,https://www.vistronica.com/board-de-desarrollo/arduino/board/arduino-uno-r3-compatible-detail.html,
Arduino,Arduino Attiny85 Digispark Usb,3,Gabienete Parte Inferior,https://www.vistronica.com/board-de-desarrollo/arduino/board/arduino-attiny85-digispark-usb-detail.html,
Arduino,Shield De Expansión Para Arduino™ Nano,5,Gabienete Parte Inferior,https://www.didacticaselectronicas.com.co/shop/screw-shield-nano-shield-de-expansion-para-arduino-tm-nano-15981#attr=,
Acelerante,Acelerante De Soldadura-15Ml (Flux),3,Gabienete Parte Inferior,https://www.didacticaselectronicas.com.co/shop/flu-15-acelerante-de-soldadura-15ml-5983#attr=,
Balanceador,Balanceador Bms Para Baterías 18650. 5A. 3 Celdas,10,Gabienete Parte Inferior,https://www.didacticaselectronicas.com.co/shop/xr-3s-18650-5a-balanceador-bms-para-baterias-18650-5a-3-celdas-23753#attr=,
Bases Circuito Integrado,Bases Circuito Integrado Dip De 14 Pines,20,Gabienete Parte Inferior,SIN ENLACE DE REFERENCIA,
Nan,Bases Circuito Integrado Dip De 16 Pines,20,Gabienete Parte Inferior,SIN ENLACE DE REFERENCIA,
Nan,Bases Circuito Integrado Dip De 8 Pines,20,Gabienete Parte Inferior,SIN ENLACE DE REFERENCIA,
Bateria Cuadrada,Bateria Cuadrada  Gp 170 Original 9V Recargable (Referencia E15-01B),0,Nan,https://www.vistronica.com/#q=Bateria%20cuadrada%20%20GP%20170%20Original%209v%20recargable%20(Referencia%20E15-01B)&from_user=&page=0&refinements=%5B%5D&numerics_refinements=%7B%7D&index_name=%22prestashop1763_all_es%22,
Board,Board Nodemcu Wifi Basado En Esp32 + Cable,30,Nan,https://www.vistronica.com/board-de-desarrollo/boardnodemcuwifibasadoenesp32-detail.html,
Board,Board Nodemcu Lua Wifi Basado En Esp8266/Esp12E,30,Nan,https://www.vistronica.com/board-de-desarrollo/board-nodemcu-lua-wifi-v1-0-basado-en-esp8266-detail.html,
Bombillo,Bombillo 120Vac Con Su Respectivo Plafón Y Cables De Conexión,1,Lockers,SIN ENLACE DE REFERENCIA,
Bombillo,Bombillo 12Vdc ,14,Lockers,SIN ENLACE DE REFERENCIA,
Bombillo,Plafón Y Cables De Conexión,9,Lockers,SIN ENLACE DE REFERENCIA,
Bombillo,Bombillo Incandecente Para Calentar Incubadora 110V,4,Lockers,SIN ENLACE DE REFERENCIA,
Bateria,Batería Litio 3.7V 1200 Mah,12,Gabienete Parte Inferior,https://www.didacticaselectronicas.com.co/shop/tr-18650-3-7v-1200ma-bateria-litio-3-7v-1200-mah-20095#attr=,
Bateria,"Bateria Recargable Aa, 1.2V/2500Mah",4,Mueble Gris Superior,https://www.didacticaselectronicas.com.co/shop/gp270aahc-bateria-recargable-aa-1-2v-2600mah-5448?search=Bateria+recargable+AA&order=name+asc#attr=,
Bornera,Bornera De 2 Entradas ,20,Gabinete Parte Superior,https://www.vistronica.com/conectores-cables-y-switches/bornera-terminal-block-mf128-2p-7-5mm-detail.html,
Bornera,Bornera De 3 Entradas ,20,Gabinete Parte Superior,https://www.vistronica.com/conectores-cables-y-switches/bornera-terminal-block-kf350-3p-381mm-detail.html,
Brujula,Brujula 9-Dof - Bno055,2,Gabinete Parte Superior,https://www.didacticaselectronicas.com.co/shop/adaf-2472-brujula-9-dof-bno055-11065#attr=,
Brocas,Brocas Para Mototool De 0.8 Mm,10,Mueble Gris Parte Inferior(3 Cajon) ,SIN ENLACE DE REFERENCIA,
Nan,Brocas Para Mototool De 0.9 Mm,10,Mueble Gris Parte Inferior(3 Cajon) ,SIN ENLACE DE REFERENCIA,
Cable Conexion Facil,Cable Dupont Hembra Hembra X40 10 Cm,10,Mueble Gis Parte Inferior,https://www.vistronica.com/#q=dupont&from_user=&page=2&refinements=%5B%5D&numerics_refinements=%7B%7D&index_name=%22prestashop1763_all_es%22,
Cable Conexion Facil,Cable Dupont Macho Macho X40 10 Cm,20,Mueble Gis Parte Inferior,https://www.vistronica.com/conectores-cables-y-switches/cable-dupont-macho-macho-x40-10-cm-detail.html,
Cable Conexion Facil,Cable Dupont Macho Hembra X40 10 Cm,10,Mueble Gis Parte Inferior,https://www.vistronica.com/conectores-cables-y-switches/cable-dupont-macho-hembra-x40-10-cm-detail.html,
Cable Conexion Facil,Cable Conexión Fácil Dupont H/H 20Cm,30,Mueble Gis Parte Inferior,https://www.vistronica.com/conectores-cables-y-switches/cable-dupont-hembra-hembra-detail.html,
Cable Conexion Facil,Cable Conexión Fácil Dupont M/H 20Cm,30,Mueble Gis Parte Inferior,https://www.vistronica.com/conectores-cables-y-switches/cable-dupont-hembra-hembra-detail.html,
Cable Conexion Facil,Cable Conexión Fácil Dupont M/M 20Cm,30,Mueble Gis Parte Inferior,https://www.vistronica.com/conectores-cables-y-switches/cable-dupont-macho-macho-x40-20-cm-detail.html,
Cable,Cable Hembra-Hembra Db9 Serie Rs232 Conexión Cruzada,1,Mueble Gis Parte Inferior,SIN ENLACE DE REFERENCIA,
Cable,Cable Ribbon Gris 26 Hilos; 2 Metros.,2,Mueble Gis Parte Inferior,SIN ENLACE DE REFERENCIA,
Cable,Cable Usb Tipo A 2.0 A Micro Usb Tipo B 1.5 Metros,10,Mueble Gis Parte Inferior,https://www.vistronica.com/conectores-cables-y-switches/cable-usb-tipo-a-2-0-a-micro-usb-tipo-b-1-5-metros--detail.html,
Cable,Cable Micro Usb 1 Mt Color Negro Ref: Cab-Musb-N,30,Mueble Gis Parte Inferior,https://www.didacticaselectronicas.com.co/shop/cab-musb-n-cable-micro-usb-1-mt-1413#attr=,
Cable,Cable Usb Tipo C Negro 3A Para Carga Rapida Ref: Usb-Tipo-C-Bl3A-100Cm,8,Mueble Gis Parte Inferior,https://www.didacticaselectronicas.com.co/shop/usb-tipo-c-bl3a-100cm-cable-usb-tipo-c-negro-3a-para-carga-rapida-14267#attr=,
Cable,Cable Utp 4 Pares Categoria 6 * 10Metros,1,Mueble Gis Parte Inferior,SIN ENLACE DE REFERENCIA,
Camara,Cámara 5Mpx Para Raspberry Pi,1,Gabienete Parte Inferior,https://www.vistronica.com/board-de-desarrollo/raspberry-pi/camara-5mpx-para-raspberry-pi-detail.html,
Calentador Ceramico,Calentador Cerámico 12V Para Hotend De Impresora 3D,8,Gabienete Parte Inferior,https://www.vistronica.com/impresora-3d-y-cnc/calentador-para-hotend-de-impresora-3d-detail.html,
Calibrador,Calibrador Piederey Metalico En Milimetros Y Pulgadas (Digital),1,Gabienete Parte Superior,SIN ENLACE DE REFERENCIA,
Nan,Calibrador Micrometro 0 A 25Mm Tipo C,0,Nan,SIN ENLACE DE REFERENCIA,
Capacitor,Capacitor De Tantalio 1 Uf 35V ,90,Gabinete Parte Superior,SIN ENLACE DE REFERENCIA,
Capacitor,Capacitor De Tantalio 10 Uf 35V ,90,Gabinete Parte Superior,SIN ENLACE DE REFERENCIA,
Capacitor,Capacitor De Tantalio 2.2 Uf 35V ,100,Gabinete Parte Superior,SIN ENLACE DE REFERENCIA,
Capacitor,Capacitor De Tantalio 22Uf 35V ,72,Gabinete Parte Superior,SIN ENLACE DE REFERENCIA,
Capacitor,Capacitor De Tantalio 47Uf 35V ,72,Gabinete Parte Superior,SIN ENLACE DE REFERENCIA,
Capacitor,Capacitor De Tantalio 6.8 Uf 35V ,95,Gabinete Parte Superior,SIN ENLACE DE REFERENCIA,
Capacitor,Capacitor De Tantalio 68Uf 35V ,69,Gabinete Parte Superior,SIN ENLACE DE REFERENCIA,
Cargador Para Bateria,Cargador Para Bateria Gp 9V ,1,Mueble Gis Parte Superior,https://www.didacticaselectronicas.com.co/shop/bst-c8005bn-cargador-de-pilas-aa-aaa-9v-2-aa-2700mah-beston-18740?search=Cargador+para+bateria+9v+&order=name+asc#attr=,
Cautin,Cauitín 25W Con Base,2,Nan,SIN ENLACE DE REFERENCIA,
Circuito Integrador,Circuito Integrador Lm317 -Ecg956,30,Circuito Integrador Lm337T Ecg957,https://www.vistronica.com/componentes-activos/regulador-de-voltaje-lm317-to-220-detail.html,
Nan,Circuito Integrador Lm337T Ecg957,20,Circuito Integrador Lm337T Ecg957,https://www.vistronica.com/componentes-activos/regulador-de-voltaje-lm337-to-220-detail.html,
Compuesta Logica ,Compuerta Logica And 74L08,60,Gabinete Parte Superior,https://www.vistronica.com/componentes-activos/familias-logicas/compuerta-logica-and-74ls08n-detail.html,
Compuesta Logica ,Compuerta Logica Nand 74Ls00,55,Gabinete Parte Superior,https://www.vistronica.com/componentes-activos/familias-logicas/compuerta-logica-nand-74ls00n-detail.html,
Compuesta Logica ,Compuerta Logica Nor 74Hc02,10,Gabinete Parte Superior,SIN ENLACE DE REFERENCIA,
Compuesta Logica ,Compuerta Logica Not 7404,40,Gabinete Parte Superior,SIN ENLACE DE REFERENCIA,
Compuesta Logica ,Compuerta Logica Or 74Ls32,50,Gabinete Parte Superior,SIN ENLACE DE REFERENCIA,
Compuesta Logica ,Compuerta Logica Xor Cd4070,50,Gabinete Parte Superior,SIN ENLACE DE REFERENCIA,
Compuesta Logica ,Compuerta Logica Xnor Cd4077,30,Gabinete Parte Superior,SIN ENLACE DE REFERENCIA,
Compuesta Logica ,Compuerta Logica Yes 74Ls07,25,Gabinete Parte Superior,SIN ENLACE DE REFERENCIA,
Condensador Ceramico,Condensador Ceramico 101-100Pf,360,Nan,SIN ENLACE DE REFERENCIA,
Condensador Ceramico,Condensador Ceramico 102 -1000Pf,300,Nan,SIN ENLACE DE REFERENCIA,
Condensador Ceramico,Condensador Ceramico 103 10000Pf,360,Nan,SIN ENLACE DE REFERENCIA,
Condensador Ceramico,Condensador Ceramico 104 10000Pf,358,Nan,SIN ENLACE DE REFERENCIA,
Condensador Ceramico,Condensador Ceramico 22 22Pf,160,Nan,SIN ENLACE DE REFERENCIA,
Condensador Ceramico,Condensador Ceramico 33 33Pf,259,Nan,SIN ENLACE DE REFERENCIA,
Condensador Ceramico,Condensador Ceramico 47 47Pf,257,Nan,SIN ENLACE DE REFERENCIA,
Condensador Electrico,"Condensador Electrico 0,33 Uf 50V",140,Nan,SIN ENLACE DE REFERENCIA,
Condensador Electrico,Condensador Electrico 47Uf 50V,170,Nan,SIN ENLACE DE REFERENCIA,
Condensador Electrolico,Condensador Electrolico 1000 Uf 50V,138,Nan,SIN ENLACE DE REFERENCIA,
Condensador Electrolico,Condensador Electrolico 10Uf 50V,235,Nan,SIN ENLACE DE REFERENCIA,
Condensador Electrolico,Condensador Electrolico100 Uf 50V,148,Nan,SIN ENLACE DE REFERENCIA,
Condensador Electrolico,Condensador Electrolitico 1Uf 50V,276,Nan,SIN ENLACE DE REFERENCIA,
Condensador Electrolico,"Condensador Electrolico 0,47Uf 50V",148,Nan,SIN ENLACE DE REFERENCIA,
Condensador Electrolico,"Condensador Electrolitico 0,22 Uf 50V",60,Nan,SIN ENLACE DE REFERENCIA,
Condensador Tantalio,Condensador De Tantalio 0.1 Uf 35V,60,Nan,SIN ENLACE DE REFERENCIA,
Condensador Tantalio,Capacitor Tantalio 0.68Uf 35V,55,Nan,SIN ENLACE DE REFERENCIA,
Condensador Tantalio,Capacitor Tantalio 68Uf,55,Nan,SIN ENLACE DE REFERENCIA,
Condensador Tantalio,Capacitor Tantalio 10Uf 35V,60,Nan,SIN ENLACE DE REFERENCIA,
Conectores,Conectores Db9 Hembra Con Carcasa Plastica ,0,Nan,SIN ENLACE DE REFERENCIA,
Conectores,Conectores Db9 Macho Con Carcasa Plastica ,0,Nan,SIN ENLACE DE REFERENCIA,
Conectores,Conector Jack 5.5X2.1 Mm Macho A Bornera Block 2P,22,Nan,https://www.vistronica.com/conectores-cables-y-switches/conector-jack-2-1mm-macho-a-bornera-block-2p--detail.html,
Conectores,Conector Jack 5.5X2.1Mm Hembra A Bornera Block 2P,22,Nan,https://www.vistronica.com/conectores-cables-y-switches/conector-jack-2-1mm-hembra-a-bornera-block-2p--detail.html,
Contador,Contador 74Hc161,20,Nan,SIN ENLACE DE REFERENCIA,
Contador,Contador De Decadas 74Ls90,20,Nan,SIN ENLACE DE REFERENCIA,
Convertidor Dc-Dc,Convertidor Dc-Dc Boost Xl6009,20,Nan,https://www.vistronica.com/#q=XL6009&from_user=&page=0&refinements=%5B%5D&numerics_refinements=%7B%7D&index_name=%22prestashop1763_all_es%22,
Convertidor Dc-Dc,Convertidor Dc-Dc Buck Lm2596 3A,5,Nan,https://www.vistronica.com/fuente-de-voltaje/conversores-dc-dc/convertidor-dc-dc-buck-lm2596-3a-detail.html,
Cristal,Cristal – Oscilador De 16 Mhz Tht,15,Nan,https://www.vistronica.com/componentes-activos/osciladores/cristal-oscilador-de-16-mhz-tht-detail.html,
Cristal,Cristal – Oscilador De 4 Mhz Tht,15,Nan,https://www.vistronica.com/componentes-activos/osciladores/cristal-oscilador-de-4-mhz-tht-detail.html,
Cristal,Cristal 32.768Khz,10,Nan,https://www.didacticaselectronicas.com.co/shop/cr-32-768-cristal-32-768khz-tubo-2686?search=Cristal+32.768Khz&order=name+asc#attr=,
Decodificador,Decodificador Bcd A 7 Seg. 74Ls47,19,Nan,https://www.vistronica.com/componentes-activos/familias-logicas/decodificador-de-bcd-a-7-segmentos-74ls47-detail.html,
Decodificador,Decodificador Bcd A 7 Seg. 74Ls48,25,Nan,https://www.vistronica.com/componentes-activos/familias-logicas/decodificador-bcd-a-7-segmentos-74ls48-detail.html,
Diac,Diac Db3,0,Nan,https://www.vistronica.com/componentes-activos/diodos/diodo-para-corriente-alterna-diac-db3-detail.html,
Diodo / Led,Diodo 1N4004 Rectificador,630,Nan,https://www.vistronica.com/componentes-activos/transistores/diodo-rectificador-1n4004-detail.html,
Diodo / Led,Diodo 6A6 Rectificador,10,Nan,https://www.vistronica.com/componentes-activos/diodos/puente-rectificador-de-6a-kbpc606-detail.html,
Diodo / Led,Diodo De Switcheo 1N4148,50,Nan,https://www.vistronica.com/componentes-activos/diodos/diodo-zener-1n4148-1v-05w-detail.html,
Diodo / Led,Diodo Led Amarillo 5Mm Difuso,115,Nan,SIN ENLACE DE REFERENCIA,
Diodo / Led,Diodo Led Naranja 5Mm,4,Nan,SIN ENLACE DE REFERENCIA,
Diodo / Led,Diodo Led Rojo 5Mm,102,Nan,SIN ENLACE DE REFERENCIA,
Diodo / Led,Diodo Mur480Eg Ultrarápido,0,Nan,SIN ENLACE DE REFERENCIA,
Diodo / Led,Diodo Rectificador 1N4001,0,Nan,SIN ENLACE DE REFERENCIA,
Diodo / Led,Diodo Rectificador 1N4007 ,10,Nan,SIN ENLACE DE REFERENCIA,
Diodo / Led,Diodo Zener 12V,120,Nan,SIN ENLACE DE REFERENCIA,
Diodo / Led,Diodo Zener 1N4734A 5.6V 1W,20,Nan,SIN ENLACE DE REFERENCIA,
Diodo / Led,"Diodo Zener 1N4735 6,2V",20,Nan,SIN ENLACE DE REFERENCIA,
Diodo / Led,Diodo Zener 5.1V,120,Nan,SIN ENLACE DE REFERENCIA,
Diodo / Led,Diodos Led Azul 5Mm,115,Nan,SIN ENLACE DE REFERENCIA,
Diodo / Led,Diodo Led Blanco 5Mm,110,Nan,SIN ENLACE DE REFERENCIA,
Diodo / Led,Diodo Led Verde 5Mm,110,Nan,SIN ENLACE DE REFERENCIA,
Diodo / Led,Led Infrarrojo Emisor De 3Mm,10,Nan,SIN ENLACE DE REFERENCIA,
Diodo / Led,Led Infrarrojo De Alta Potencia Tsal6200 940 Nm,15,Nan,SIN ENLACE DE REFERENCIA,
Diodo / Led,Ltl4266N Led Infrarojo,10,Nan,SIN ENLACE DE REFERENCIA,
Diodo / Led,Led Infrarrojo Receptor De 3Mm,15,Nan,SIN ENLACE DE REFERENCIA,
Diodo / Led,Led Infrarrojo Receptor Hs0038B De Control Remoto,13,Nan,https://www.vistronica.com/componentes-activos/diodos/led/led-infrarrojo-receptor-hs0038b-de-control-remoto--detail.html,
Diodo / Led,Emisor Infra-Rojo 940Nm 5Mm Alta Eficiencia,5,Nan,SIN ENLACE DE REFERENCIA,
Diodo / Led,Led Rgb 5Mm Catodo Comun,105,Nan,SIN ENLACE DE REFERENCIA,
Diodo / Led,Fotoresistencia 16 A 33 K Hhm Dimensiones 420Mm Para Insercion De Protroboard,10,Nan,SIN ENLACE DE REFERENCIA,
Diodo / Led,Fototransistor Receptor 5Mm Op598,10,Nan,SIN ENLACE DE REFERENCIA,
Dipswitch,Dip Switch 4 Posiciones ,30,Nan,SIN ENLACE DE REFERENCIA,
Dipswitch,Dip Swith 8 Posiciones,6,Nan,SIN ENLACE DE REFERENCIA,
Display,Display 7 Segmentos De 2 Digitos Anodo Comun,2,Nan,SIN ENLACE DE REFERENCIA,
Display,Display Lcd 16*2 Color Azul = 25 ; Color Verde = 4,15,Nan,SIN ENLACE DE REFERENCIA,
Display,Display Lcd 16*2 Color Azul = 25 ; Color Verde = 4 + Sheild,1,Nan,SIN ENLACE DE REFERENCIA,
Display,Display Lcd 16*4 Color Azul = 25 ; Color Verde = 4,1,Nan,SIN ENLACE DE REFERENCIA,
Display,Display Segmentos Anodo Comun - 1 Solo Digito,25,Nan,SIN ENLACE DE REFERENCIA,
Display,Display Segmentos Catodo Comun -1 Solo Digito,25,Nan,SIN ENLACE DE REFERENCIA,
Driver De Motor,Driver De Motor L293D (Referrencia E8-03C-1),8,Nan,SIN ENLACE DE REFERENCIA,
Driver De Motor,Driver Para Motores Dc Y Paso A Paso. Dip-16 1A L293B,10,Nan,https://www.didacticaselectronicas.com.co/shop/l293b-driver-para-motores-dc-y-paso-a-paso-dip-16-1a-420#attr=,
Destornillador,Destornillador De Pala Pro’Skit,6,Nan,https://www.didacticaselectronicas.com.co/shop/sd-5101a-destornillador-de-pala-proskit-9913#attr=,
Flip-Flops,Flip-Flops Jk Ref: Cd4027,20,Nan,SIN ENLACE DE REFERENCIA,
Electrodos,Electrodos 3M Ref. 2228 Paquete X 50 Unidades,20,Nan,SIN ENLACE DE REFERENCIA,
Fusibles,Fusible Corto 500Ma,0,Nan,SIN ENLACE DE REFERENCIA,
Fusibles,Fusibles Dmm-B-11A Multimetro Fluke,5,Nan,SIN ENLACE DE REFERENCIA,
Fusibles,Fusibles Dmm-B-44-100-R Multimetro Fluke ,5,Nan,SIN ENLACE DE REFERENCIA,
Integrado,Integrado Cd4511,20,Nan,SIN ENLACE DE REFERENCIA,
Integrado,Integrado Sn74Hc38N,20,Nan,SIN ENLACE DE REFERENCIA,
Interruptor,Interruptor Bilateral Cuádruple Cd4066Be,30,Nan,https://www.vistronica.com/componentes-activos/interruptor-bilateral-cuadruple-cd4066be--detail.html,
Juego,Juego De Llaves Torx,0,Nan,SIN ENLACE DE REFERENCIA,
Nan,Juego De Accesorios Para Servo Motores Mg90S Y Sg92R,10,Nan,https://www.didacticaselectronicas.com.co/shop/mgsg-arm-1-set-servo-arm-mg-sg-4693#attr=,
Kit,Kit De Bascula Digital 5Kg Hx711 (Desarmado),3,Nan,SIN ENLACE DE REFERENCIA,
Kit,Kit De Refrigeración Peltier Para Líquido Ref: K-Dis-Plt-C-04,6,Nan,https://www.didacticaselectronicas.com.co/shop/k-dis-plt-c-04-kit-de-refrigeracion-peltier-para-liquido-10269#attr=,
Microservos,Micro Servomotor Sg90 9G,32,Nan,https://www.vistronica.com/robotica/motores/servomotores/micro-servomotor-sg90-9g-detail.html,
Microservos,Micro Servomotor Mg90S,2,Nan,SIN ENLACE DE REFERENCIA,
Micropulsadores ,Micropulsadores 4 Pines,4,Nan,SIN ENLACE DE REFERENCIA,
Nan,Micro Pulsador De 2 Pines,52,Nan,SIN ENLACE DE REFERENCIA,
Miniconector,Miniconector Terminal Con Palanca Pct-2-3M. Claro,10,Nan,https://www.didacticaselectronicas.com.co/shop/pct-2-3-cl-miniconector-terminal-con-palanca-pct-2-3m-claro-21920#attr=,
Memoeria,Memoria Micro Sd,4,Nan,SIN ENLACE DE REFERENCIA,
Modulos,Modulo Bluetooth Hc-05 (B23090W),20,Nan,https://www.didacticaselectronicas.com.co/shop/bt-hc-05-modulo-bluetooth-hc05-3583#attr=,
Modulos,Modulo Convertidor Analógico A Digital Ads1115 16 Bits Para Raspberry Pi,5,Nan,SIN ENLACE DE REFERENCIA,
Modulos,Módulo De Cámara Ov7670,5,Nan,SIN ENLACE DE REFERENCIA,
Modulos,Cámara Ov640 Lente De 75 Grados 28Mm Para Esp32 Ref: Cam-Esp-28Mm-75,1,Nan,https://www.didacticaselectronicas.com.co/shop/cam-esp-28mm-75-camara-ov640-lente-de-75-grados-28mm-para-esp32-24184#attr=,
Modulos,Módulo De Control De Motor Paso A Paso Uln2003  ,5,Nan,https://www.didacticaselectronicas.com.co/shop/driv-ul2003-step-controlador-uln2003-para-motor-paso-a-paso-4-fases-7035#attr=,
Modulos,Módulo L298N Para Control De Motores (Puente H),14,Nan,https://www.vistronica.com/robotica/modulo-l298n-para-control-de-motores-puente-h-detail.html,
Modulos,Módulo Tb6612Fng Para Control De Motores (Puente H),5,Nan,https://www.vistronica.com/robotica/motores/drivers-de-motores/modulo-tb6612fng-para-control-de-motores-puente-h-detail.html,
Modulos,Punete H L298N Multiwatt 15V,15,Nan,SIN ENLACE DE REFERENCIA,
Modulos,Módulo Joystick Palanca De Mando Ps2,6,Nan,https://www.vistronica.com/modulos/modulo-joystick-palanca-de-mando-ps2-detail.html,
Modulos,Módulo Alimentación De Doble Lí­Nea 5V/3.3V Xd-42,5,Nan,https://www.vistronica.com/fuente-de-voltaje/modulo-alimentacion-de-doble-linea-5v-3-3v-xd-42-detail.html,
Modulos,Módulo Sensor Infrarrojo Evasor De Obstaculos - Sutagao,6,Nan,https://www.vistronica.com/sensores/proximidad-y-distancia/modulo-sensor-infrarrojo-evasor-de-obstaculos-sutagao-detail.html,
Modulos,Módulo Sensor De Temperatura Y Humedad Dht11,0,Nan,https://www.vistronica.com/sensores/modulo-sensor-de-temperatura-y-humedad-dht11-detail.html,
Modulos,Modulo Lm2596 Regulador De Voltaje Dc-Dc 75W De 3 A 35V Con Display,22,Nan,https://www.vistronica.com/#q=Lm2596&from_user=&page=0&refinements=%5B%5D&numerics_refinements=%7B%7D&index_name=%22prestashop1763_all_es%22,
Modulos,Modulo Mpu-6050 Acelerometro Y Giroscopio Sp  Imu De 6 Ejes,15,Nan,https://www.vistronica.com/sensores/imu/modulo-mpu6050-para-arduino-detail.html,
Modulos,Giroscopio De 3 Ejes Gy-50 L3G4200D,3,Nan,SIN ENLACE DE REFERENCIA,
Modulos,Módulo Sensor Tcrt5000L,10,Nan,https://www.vistronica.com/optoelectronico/modulo-sensor-tcrt5000l-detail.html,
Modulos,Modulo Multiplexor/Demultiple Xor Analógico 16 Canales 74Hc4067 Para Arduino,5,Nan,SIN ENLACE DE REFERENCIA,
Modulos,Módulo Sensor De Vibración Sw-420,10,Nan,SIN ENLACE DE REFERENCIA,
Modulos,Modulo Termometro Infrarrojo Gy-906,5,Nan,SIN ENLACE DE REFERENCIA,
Modulos,Modulo I2C,16,Nan,SIN ENLACE DE REFERENCIA,
Modulos,Módulo Tm1637 Con Display 4 Digitos 7 Segmentos,10,Nan,https://www.vistronica.com/display/modulo-tm1637-con-display-4-digitos-7-segmentos-detail.html,
Modulos,Matriz Leds 8*8 Max 7219,7,Nan,SIN ENLACE DE REFERENCIA,
Modulos,"Max30102 - Módulo De Sensor De FC, Detector De Pulsos, Spo2 Arduino",8,Nan,SIN ENLACE DE REFERENCIA,
Mosfet,Mosfet Canal N 100V 57A  Irf 3710,10,Nan,SIN ENLACE DE REFERENCIA,
Mosfet,"Mosfet Irf 9630 Canal P 200V 6,5A",10,Nan,SIN ENLACE DE REFERENCIA,
Mosfet,Mosfet Regulador De Potencia Irfz44N Canal N,33,Nan,https://www.didacticaselectronicas.com.co/shop/irfz44-mosfet-irfz44-canal-n-de-55v-49a-6246#attr=,
Motor,Motor Eléctrico Brushless A2212/1000Kv 13T,3,Nan,SIN ENLACE DE REFERENCIA,
Motor,Motor Paso A Paso 28Byj-48 0.3Kg X Cm  ,0,Nan,SIN ENLACE DE REFERENCIA,(3 motores prestados en proyecto; 1 de baja)
Motor,Motorreductor Con Encoder 18Kg/Cm; 80 Rpm 12V 78Rpm Reduccion ,3,Nan,SIN ENLACE DE REFERENCIA,
Motor,"Motorreductor Ecode: 9V Dc; 150Rpm; 9,5Kg/Cm  ",8,Nan,SIN ENLACE DE REFERENCIA,
Motor,Motorreductor 6V 3000 Rpm 0.2Kg-Cm,4,Nan,https://www.vistronica.com/robotica/motores/motorreductores/motorreductor-6v-3000-rpm-0-2kg-cm-detail.html,
Motor,"Motor Dinamo 6V A 12V, 200Ma, 9500 Rpm",10,Nan,https://www.didacticaselectronicas.com.co/shop/meg-350-motor-dinamo-6v-a-12v-200ma-9500-rpm-13849#attr=,
Motor,Esc Controlador De Velocidad Para Motor Brushless 30A,6,Nan,SIN ENLACE DE REFERENCIA,
Optocoplador,Optoacoplador Integrado Tipo Dip 4N25,20,Nan,https://www.didacticaselectronicas.com.co/shop/meg-350-motor-dinamo-6v-a-12v-200ma-9500-rpm-13849#attr=,
Optocoplador,Moc 3021 Optoacoplador ,10,Nan,https://www.vistronica.com/componentes-activos/optoacopladores/optoacoplador-moc3010-detail.html,
Pantalla,"Pantalla Touch Tft A Color 2,8' V2; 3 Pantalla Tft Lcd 2,4' ",4,Nan,SIN ENLACE DE REFERENCIA,
Pantalla,Pantalla Arduino Tft Touch Shield V2.0,1,Nan,SIN ENLACE DE REFERENCIA,
Pantalla,Pantalla Led Tft 3.5 Pulgadas 40X320 Ili9486 (Para Aruino Mega),2,Nan,SIN ENLACE DE REFERENCIA,
Pantalla,Pantalla Dysplay Lcd Color Tft 2.4 240*320Spi Con Sd Lli9341 Arduino,1,Nan,SIN ENLACE DE REFERENCIA,
Pantalla,Lcd Tft Tactil Para Arduino Uno De 3.95´´,1,Nan,SIN ENLACE DE REFERENCIA,
Pantalla,Lcd Tft Táctil Para Arduino Uno De 2.4 Pulgadas,2,Nan,https://www.vistronica.com/display/lcd-tft-tactil-para-arduino-uno-de-2-4-pulgadas-detail.html,
Pegante,Pegante Instantaneo Loctite Superbonder X 5 G,5,Nan,SIN ENLACE DE REFERENCIA,
Pila/Bateria,Pila Alcalina Ag13 Lr44 1.5V,0,Nan,https://www.vistronica.com/#q=Pila%20LR44&from_user=&page=0&refinements=%5B%5D&numerics_refinements=%7B%7D&index_name=%22prestashop1763_all_es%22,
Pila/Bateria,Pila 9V Recargable Marca Beston,9,Nan,SIN ENLACE DE REFERENCIA,
Pila/Bateria,Pila Aaa  Alcalina,0,Nan,SIN ENLACE DE REFERENCIA,
Pila/Bateria,Pila Aa Recargable Beston,6,Nan,SIN ENLACE DE REFERENCIA,
Pila/Bateria,Pila Aa Alcalina,0,Nan,SIN ENLACE DE REFERENCIA,
Bobinas,"Paquete De Bobinas 100 Unidades (1Mh 1Uh, 10Uh, 22Uh, 33Uh, 47Uh, 100Uh, 150Uh, 220Uh, 330Uh,
 470Uh, 560Uh) 8 De Cada Valor Aprox",0,Nan,SIN ENLACE DE REFERENCIA,
Par Conector,Par Conector Molex Hembra-Macho De 2 Pines Con Laminillas ,25,Nan,SIN ENLACE DE REFERENCIA,
Nan,Par Conector Molex Hembra-Macho De 3 Pines Con Laminillas ,10,Nan,SIN ENLACE DE REFERENCIA,
Placa Baquela,Placa Baquela 1 Cara  10Cm X 20Cm,0,Nan,SIN ENLACE DE REFERENCIA,
Placa De Proteccion De Bateria,Placa De Protección De Batería De Litio/Bms. 4A,10,Nan,https://www.didacticaselectronicas.com.co/shop/wh-2s30a-4a-placa-de-proteccion-de-bateria-de-litio-bms-4a-24095#attr=,
Plug Plastico,Plug Plastico Hembra De 3.5Mm,1,Nan,SIN ENLACE DE REFERENCIA,
Nan,Plug Plastico Macho De 3.5Mm,1,Nan,SIN ENLACE DE REFERENCIA,
Potenciometro,Potenciometro 1 K Ohmios,10,Nan,https://www.vistronica.com/componentes-pasivos/resistencias/potenciometro-lineal-b-1-kohm-15-mm-detail.html,
Potenciometro,Potenciometro 10K Ohmios,10,Nan,SIN ENLACE DE REFERENCIA,
Potenciometro,Potenciometro 5K Ohmios,10,Nan,SIN ENLACE DE REFERENCIA,
Potenciometro,Potenciometro De Almabre De  2W 2.2K 10 Vueltas,5,Nan,SIN ENLACE DE REFERENCIA,
Potenciometro,Potenciometro De Almabre De 10 Vueltas 20Kohms,10,Nan,SIN ENLACE DE REFERENCIA,
Potenciometro,Potenciometro Digital X9C102P,25,Nan,SIN ENLACE DE REFERENCIA,
Potenciometro,Potenciometro Digital X9C103P,35,Nan,SIN ENLACE DE REFERENCIA,
Potenciometro,Potenciometro Digital X9C104P,35,Nan,SIN ENLACE DE REFERENCIA,
Potenciometro,Potenciometro Vertical De 100Kohms; ,12,Nan,SIN ENLACE DE REFERENCIA,
Potenciometro,Potenciometro Vertical De 10Kohms; ,5,Nan,SIN ENLACE DE REFERENCIA,
Protroboard,Protoboard Mb-108,6,Nan,SIN ENLACE DE REFERENCIA,
Protroboard,Protoboard Mb-102 830 Puntos,26,Nan,SIN ENLACE DE REFERENCIA,
Puente Rectificador,Puente Rectrificador 3A,20,Nan,SIN ENLACE DE REFERENCIA,
Puntas Cautin,Puntas De Cautin 6 Unidades,1,Nan,SIN ENLACE DE REFERENCIA,
Probador Servos,Probador De Servos S-812,2,Nan,https://www.didacticaselectronicas.com.co/shop/s-812-probador-de-servos-s-812-14208#attr=,
Raspberry,Raspberry Pi 3,1,Nan,SIN ENLACE DE REFERENCIA,
Nan,Raspberry Pi Pico,5,Nan,SIN ENLACE DE REFERENCIA,
Registrador,Registrador De 8 Bits 74Hc595,20,Nan,SIN ENLACE DE REFERENCIA,
Regleta,"Regleta Conector Hembra 2,54Mm 40X1 Pines",55,Nan,https://www.vistronica.com/conectores-cables-y-switches/regleta-hembra-2-54mm-40p-detail.html,
Regleta,"Regleta Conector Macho 2,54Mm 40X1 Pines",65,Nan,https://www.vistronica.com/conectores-cables-y-switches/regleta-conector-140p-2-54mm-macho-macho-detail.html,
Regulador,"Regulador Lm1117 - 3,3V",50,Nan,https://www.vistronica.com/#q=regulador%203.3&from_user=&page=0&refinements=%5B%5D&numerics_refinements=%7B%7D&index_name=%22prestashop1763_all_es%22,
Regulador,Regulador Lm7805,60,Nan,https://www.vistronica.com/componentes-activos/regulador-de-voltaje-lm317-to-220-detail.html,
Regulador,Regulador De Voltaje Lm317 To-220,35,Nan,https://www.vistronica.com/componentes-activos/regulador-de-voltaje-lm317-to-220-detail.html,
Regulador,Regulador Lm7812,34,Nan,SIN ENLACE DE REFERENCIA,
Regulador,Regulador Lm7905,0,Nan,SIN ENLACE DE REFERENCIA,
Regulador,Regulador Lm7912,30,Nan,SIN ENLACE DE REFERENCIA,
Rele,Rele 12Vdc 5 Pines 10 Amp,7,Nan,SIN ENLACE DE REFERENCIA,
Rele,Rele 5Vdc 5 Pines 10A,6,Nan,SIN ENLACE DE REFERENCIA,
Rele,Rele De Doble Estado 5Vdc,2,Nan,SIN ENLACE DE REFERENCIA,
Resistencias,Resistencia  56K 1/2 W 5%,230,Nan,SIN ENLACE DE REFERENCIA,
Resistencias,Resistencia 100 Kohimios 1/2 W 5%,25,Nan,SIN ENLACE DE REFERENCIA,
Resistencias,Resistencia 100 Ohimios 1/2W 5%,340,Nan,SIN ENLACE DE REFERENCIA,
Resistencias,Resistencia 1K 1/2W 5%,530,Nan,SIN ENLACE DE REFERENCIA,
Resistencias,Resistencia 10K 1/2W 5%,500,Nan,SIN ENLACE DE REFERENCIA,
Resistencias,Resistencia 20 K 1/2 W 5 %,425,Nan,SIN ENLACE DE REFERENCIA,
Resistencias,Resistencia 22 K 1/2W 5 %,432,Nan,SIN ENLACE DE REFERENCIA,
Resistencias,Resistencia 220 1/2W 5%,30,Nan,SIN ENLACE DE REFERENCIA,
Resistencias,Resistencia 270 1/2 W 5%,525,Nan,SIN ENLACE DE REFERENCIA,
Resistencias,Resistencia 2K 1/2 W 5 %,305,Nan,SIN ENLACE DE REFERENCIA,
Resistencias,Resistencia 33 K 1/2W 5%,235,Nan,SIN ENLACE DE REFERENCIA,
Resistencias,Resistencia 470 1/2 W 5%,445,Nan,SIN ENLACE DE REFERENCIA,
Resistencias,Resistencia 5.6 K 1/2 W 5%,220,Nan,SIN ENLACE DE REFERENCIA,
Resistencias,Resistencia 560  1/2 W 5%,320,Nan,SIN ENLACE DE REFERENCIA,
Resistencias,Resistencia 68 K 1/2 5%,212,Nan,SIN ENLACE DE REFERENCIA,
Resistencias,Resistencia De  39K 1/2 5%,214,Nan,SIN ENLACE DE REFERENCIA,
Resistencias,Resistencia De 1 Ohm 5W,30,Nan,SIN ENLACE DE REFERENCIA,
Resistencias,Resistencia De 1 Ohmio - 600 Ohmios 5W,30,Nan,SIN ENLACE DE REFERENCIA,
Resistencias,Resistencia De 1.5 Kohmios 1/2 W 5 %,325,Nan,SIN ENLACE DE REFERENCIA,
Resistencias,Resistencia De 10 1/2 W  5%,310,Nan,SIN ENLACE DE REFERENCIA,
Resistencias,Resistencia De 10 M 1/2W 5%,220,Nan,SIN ENLACE DE REFERENCIA,
Resistencias,Resistencia De 12 K 1/2 W 5%,225,Nan,SIN ENLACE DE REFERENCIA,
Resistencias,Resistencia De 15K 1/2W 5%,230,Nan,SIN ENLACE DE REFERENCIA,
Resistencias,Resistencia De 1M 1/2W 5%,220,Nan,SIN ENLACE DE REFERENCIA,
Resistencias,Resistencia De 47K 1/2 W 5 %,335,Nan,SIN ENLACE DE REFERENCIA,
Resistencias,Resistencia De 82 K 1/2 W  5%,280,Nan,SIN ENLACE DE REFERENCIA,
Scr,Scr C106D,87,Nan,https://www.vistronica.com/componentes-activos/tiristor-scr-c106-detail.html,
Sensores,Sensor Bno05,1,Nan,https://www.didacticaselectronicas.com.co/shop/adaf-2472-brujula-9-dof-bno055-11065?search=Sensor+BNO05&order=name+asc#attr=,
Sensores,Sensor De Deteccion De Gas Mq-2 (Referencia E1-06H),5,Nan,https://www.vistronica.com/sensores/sensor-de-deteccion-de-gas-mq-2-detail.html,
Sensores,Lm35 Sensor De Temperatura (Referencia E1-02W),40,Nan,https://www.vistronica.com/sensores/temperatura/lm35-sensor-de-temperatura-detail.html,
Sensores,Sensor De Efecto Hall A3144,15,Nan,https://www.vistronica.com/sensores/proximidad-y-distancia/sensor-de-efecto-hall-a3144-detail.html,
Sensores,Sensor De Efecto Hall Hal830Ut-A,14,Nan,SIN ENLACE DE REFERENCIA,
Sensores,Sensor De Humedad Hs1101,5,Nan,https://www.vistronica.com/sensores/sensor-de-humedad-relativa-hs1101-detail.html,
Sensores,Sensor De Presion Mpx10Dp,19,Nan,https://www.vistronica.com/sensores/presion/sensor-de-presion-mpx10dp-detail.html,
Sensores,Sensor De Presión 0-40Kpa,10,Nan,https://www.vistronica.com/sensores/presion/sensor-de-presion-mps20n0040d-detail.html,
Sensores,Sensor De Tensión Bf350-3Aa Flexible,15,Nan,SIN ENLACE DE REFERENCIA,
Sensores,Sensor De Ultrasonido Hc-Sr04 Arduino,50,Nan,https://www.didacticaselectronicas.com.co/shop/hc-sr04-sensor-de-distancia-ultrasonico-2-450cm-2264#attr=,
Sensores,Sensor De Vibración En Board,15,Nan,SIN ENLACE DE REFERENCIA,
Sensores,Sensor Fotoelectrico Cny70,15,Nan,https://www.vistronica.com/sensores/sensor-cny70-detail.html,
Sensores,Sensor Mpx5050Gp ,2,Nan,https://www.vistronica.com/#q=Sensor%20MPX5050GP%20&from_user=&page=0&refinements=%5B%5D&numerics_refinements=%7B%7D&index_name=%22prestashop1763_all_es%22,
Sensores,Sensor Óptico Reflexivo Qrd1114,25,Nan,https://www.vistronica.com/sensores/proximidad-y-distancia/sensor-optico-reflexivo-qrd1114-detail.html,
Sensores,Cny70 Sensor Óptico Reflectivo,30,Nan,https://www.didacticaselectronicas.com.co/shop/hc-sr04-sensor-de-distancia-ultrasonico-2-450cm-2264#attr=,
Sensores,Sensor De Temperatura A Prueba De Agua Ds18B20,6,Nan,https://www.vistronica.com/sensores/temperatura/sensor-de-temperatura-a-prueba-de-agua-ds18b20-detail.html,
Sensores,"Sensor Flex Sensor Flexión 2,2''",5,Nan,https://www.didacticaselectronicas.com.co/shop/sen-10264-sensor-flexion-22-1903#attr=,
Servomotor ,Servomotor Ds3225,0,Nan,https://www.vistronica.com/robotica/motores/servomotores/servomotor-sr-1501mg-pinones-metalicos-180-grados-detail.html,
Servomotor ,Servomotor Futaba S3003 (Referencia Ca-04E-1),18,Nan,https://www.vistronica.com/robotica/motores/servomotores/servomotor-futaba-s3003-detail.html,
Servomotor ,Servomotor Mg995 Piñoneria Metálica 360° Rotación Continua,8,Nan,https://www.vistronica.com/robotica/motores/servomotor-mg995-pinoneria-metalica-360-rotacion-continua-detail.html,
Servomotor ,Servomotor Rotación Continua 4.8-7.2V 13Kg/Cm,10,Nan,https://didacticaselectronicas.com/index.php/elementos-electromecanicos/motores-y-solenoides-1/servomotores-1/mg995-rc-detail,
Soldadura,Soldadura De Estaño A 60%  250 Gr - Diametro 0.7 Mm,1,Nan,SIN ENLACE DE REFERENCIA,
Soldadura,Pasta Para Soldar De 8G La Única,5,Nan,https://didacticaselectronicas.com/index.php/equipos-de-instrumentacion/para-soldar-1/soldadura-flux-1/fundente/ps-08-detail,
Soldadura,Malla Desoldadora 2.1Mm Zd-181-1,2,Nan,https://didacticaselectronicas.com/index.php/equipos-de-instrumentacion/para-soldar-1/extractores/zd-181-1-detail,
Soldadura,Tercera Mano Para Circuitos Impresos,1,Nan,https://didacticaselectronicas.com/index.php/equipos-de-instrumentacion/para-soldar-1/otros-accesorios-1/soportes-y-tercera-mano/zd-11e-detail,
Soldadura,Cautín Tipo Pinza Zd409,1,Nan,https://didacticaselectronicas.com/index.php/equipos-de-instrumentacion/para-soldar-1/cautines-1/zd409-detail,
Soldadura,Extractor De Soldadura Zd808,3,Nan,https://didacticaselectronicas.com/index.php/equipos-de-instrumentacion/para-soldar-1/extractores/zd-808-detail,
Soldadura,Tapete Aislante De Calor Para Estación De Soldadura S140,1,Nan,https://didacticaselectronicas.com/index.php/equipos-de-instrumentacion/para-soldar-1/otros-accesorios-1/tapetes/s140-detail,
Soporte,Soporte De Fijación O Holder Para Batería 18650,30,Nan,https://www.vistronica.com/#q=bateria&from_user=&page=0&refinements=%5B%5D&numerics_refinements=%7B%7D&index_name=%22prestashop1763_all_es%22,
Soporte,Soporte De Fijación O Holder Para Baterías 18650 3X1,10,Nan,https://www.vistronica.com/baterias/porta-baterias-/soporte-de-fijacion-o-holder-para-baterias-18650-3x1-detail.html,
Switch,Switch Balancín Pequeño 2 Pines 2 Posiciones - 6A,5,Nan,SIN ENLACE DE REFERENCIA,
Temporizador,Temporizador Ne555,80,Nan,SIN ENLACE DE REFERENCIA,
Temporizador,Temporizador Ne555 (Referencia E9-07A-2),70,Nan,SIN ENLACE DE REFERENCIA,
Temporizador,Termistor Mf52-103-Ntc / 3950,20,Nan,SIN ENLACE DE REFERENCIA,
Termoencogible,Termoencogible Color Negro De 2Mm,6,Nan,SIN ENLACE DE REFERENCIA,
Termoencogible,Termoencogible Color Negro De 3Mm,6,Nan,SIN ENLACE DE REFERENCIA,
Termoencogible,Termoencogible Color Negro De 4Mm,6,Nan,SIN ENLACE DE REFERENCIA,
Termoencogible,Termoencogible Color Negro De 5Mm,6,Nan,SIN ENLACE DE REFERENCIA,
Termoencogible,Termoencogible Color Negro De 6Mm,6,Nan,SIN ENLACE DE REFERENCIA,
Termoencogible,Termoencogible Color Negro De 7Mm,6,Nan,SIN ENLACE DE REFERENCIA,
Termoencogible,Termoencogible Color Negro De 8Mm,6,Nan,SIN ENLACE DE REFERENCIA,
Termoencogible,Termoencogible Color Negro De 9Mm,6,Nan,SIN ENLACE DE REFERENCIA,
Termoencogible,Termoencogible Color Negro De 15Mm,5,Nan,SIN ENLACE DE REFERENCIA,
Termoencogible,Termoencogible Color Negro De 20Mm,4,Nan,SIN ENLACE DE REFERENCIA,
Termometro Digital,Termómetro Digital De Alta Precisión To-92,5,Nan,https://www.didacticaselectronicas.com.co/shop/ds18s20-termometro-digital-de-alta-precision-to-92-1093?search=Term%C3%B3metro+digital+de+alta+precisi%C3%B3n+TO-92&order=name+asc#attr=,
Termometro Digital,Termómetro Digital,2,Nan,https://www.didacticaselectronicas.com.co/shop/ter-digital-termometro-digital-3031?search=Term%C3%B3metro+digital&order=name+asc#attr=,
Termometro Digital,Termometro Tipo Nevera -50°,0,Nan,SIN ENLACE DE REFERENCIA,
Tip,Tip42C Transistor De Potencia Pnp To-220 Insercion,70,Nan,SIN ENLACE DE REFERENCIA,
Transformador,Transformador Ref: M-1; 115Vac - 12Vac,3,Nan,SIN ENLACE DE REFERENCIA,
Transistor,Transistor  Mosfet Irf 820,18,Nan,https://www.didacticaselectronicas.com.co/shop/irf820pbf-transistor-mosfet-canal-n-500v-2-5a-irf820-16213?search=TRANSISTOR++MOSFET+IRF+820&order=name+asc#attr=,
Transistor,Transistor 2N3904  Npn  (Referencia E1-03D),380,Nan,https://www.didacticaselectronicas.com.co/shop/2n3904-transistor-npn-40v-200ma-to-92-581?search=Transistor+2N3904++NPN++&order=name+asc#attr=,
Transistor,Transistor Bjt 2N3906 Bipolar Pnp ,390,Nan,https://www.vistronica.com/componentes-activos/transistores/transistor-pnp-2n3906-detail.html,
Transistor,Transistor Mosfet Canal N 200V  33A Irpf250,20,Nan,SIN ENLACE DE REFERENCIA,
Transistor,Transistor Mosfet Canal P 100V  12A Irf9530,20,Nan,SIN ENLACE DE REFERENCIA,
Transistor,Transistor Tip 31C,75,Nan,SIN ENLACE DE REFERENCIA,
Transistor,Transistor Tip 32 C,50,Nan,SIN ENLACE DE REFERENCIA,
Transistor,Transistor Tip41C  (Referencia E1-05W),90,Nan,SIN ENLACE DE REFERENCIA,
Transistor,Transistor 2N2222,50,Nan,https://www.didacticaselectronicas.com.co/shop/2n2222-transistor-npn-40v-600ma-to-92-583?search=Transistor+2N2222&order=name+asc#attr=,
Transistor,Transistor 60T65Pes,10,Nan,SIN ENLACE DE REFERENCIA,
Triac,Triac Bt136,20,Nan,SIN ENLACE DE REFERENCIA,
Trimmer,Trimmer Vertical De 1K Ohm,20,Nan,SIN ENLACE DE REFERENCIA,
Trimmer,Trimmer 5 K Ohms,10,Nan,SIN ENLACE DE REFERENCIA,
Trimmer,Trimmer 10K Ohms,20,Nan,SIN ENLACE DE REFERENCIA,
Trimmer,Trimmer 20K Ohms,6,Nan,SIN ENLACE DE REFERENCIA,
Trimmer,Trimmer Vertical De 50K Ohm,20,Nan,SIN ENLACE DE REFERENCIA,
Trimmer,Trimmer 100K Ohms,5,Nan,SIN ENLACE DE REFERENCIA,
Trimmer,Trimmer 200K Ohms,19,Nan,SIN ENLACE DE REFERENCIA,
Trimmer,Trimmer Vertical De 500 Kohm,5,Nan,SIN ENLACE DE REFERENCIA,
Ventilador,Ventilador 12V 180Ma 90X90X25Mm,5,Nan,https://didacticaselectronicas.com/index.php/elementos-electromecanicos/ventiladores/ventiladores-12v/vn-4051-detail,
Voltiamperímetro,Voltiamperímetro 7 Seg Rojo/Azul 0V-100V Dc/0A-10A Dc,4,Nan,https://www.vistronica.com/#q=display%20voltimetro&from_user=&page=2&refinements=%5B%5D&numerics_refinements=%7B%7D&index_name=%22prestashop1763_all_es%22,
Aerosol,Limpiador Electronico,5,Nan,SIN ENLACE DE REFERENCIA,
Aerosol,Pintura Todo Proposito,1,Nan,SIN ENLACE DE REFERENCIA,
Aerosol,Limpiador Espumoso,2,Nan,SIN ENLACE DE REFERENCIA,
Sin Categoria,Cable De Presion Sanguinea,1,Nan,SIN ENLACE DE REFERENCIA,
Sin Categoria,Cable De Spo2,1,Nan,SIN ENLACE DE REFERENCIA,
Sin Categoria,Cable Programador Usb,1,Nan,SIN ENLACE DE REFERENCIA,
Sin Categoria,Cable De Glucometro,1,Nan,SIN ENLACE DE REFERENCIA,
Sin Categoria,Cable De Espirometro,1,Nan,SIN ENLACE DE REFERENCIA,
Sin Categoria,Electrodos Ecg Covidien,0,Nan,SIN ENLACE DE REFERENCIA,
Sin Categoria,Electrodos Ecg Mysignals Ref: F-55,18,Nan,SIN ENLACE DE REFERENCIA,
Sin Categoria,Pruebas Glucometro,21,Nan,SIN ENLACE DE REFERENCIA,
Sin Categoria,Tarjeta De Codigo Glucometro,1,Nan,SIN ENLACE DE REFERENCIA,
Sin Categoria,Sensor Glucometro (Ble),1,Nan,SIN ENLACE DE REFERENCIA,
Sin Categoria,Sensor Espirometro (Spirometer ),1,Nan,SIN ENLACE DE REFERENCIA,
Sin Categoria,Filtro Espirometro,2,Nan,SIN ENLACE DE REFERENCIA,
Sin Categoria,Sensor Spo2 (Ble),1,Nan,SIN ENLACE DE REFERENCIA,
Sin Categoria,Sensor Presion Sanguinea (Blood Pressure),1,Nan,SIN ENLACE DE REFERENCIA,
Sin Categoria,Sensor Posicion Del Cuerpo (Body Positions),1,Nan,SIN ENLACE DE REFERENCIA,
Sin Categoria,Sensor Flujo De Aire (Airflow),1,Nan,SIN ENLACE DE REFERENCIA,
Sin Categoria,Sensor Ronquido (Snore),1,Nan,SIN ENLACE DE REFERENCIA,
Sin Categoria,Sensor (Galvanic Skinresponse),1,Nan,SIN ENLACE DE REFERENCIA,
Sin Categoria,Sensor Temperatura Del Cuerpo,1,Nan,SIN ENLACE DE REFERENCIA,
Sin Categoria,Sensor Electromiogafia,2,Nan,SIN ENLACE DE REFERENCIA,
Sin Categoria,Boquilla Desechable,1,Nan,SIN ENLACE DE REFERENCIA,
Sin Categoria,Cable Sensor De Temperatura De Cuerpo (Body Temperature ),1,Nan,SIN ENLACE DE REFERENCIA,
Sin Categoria,Cable Sensor Flujo De Aire (Airflow),1,Nan,SIN ENLACE DE REFERENCIA,
Sin Categoria,Cable Espirometro (Spirometer),1,Nan,SIN ENLACE DE REFERENCIA,
Sin Categoria,Cable Sensor Galvanico De Piel (Gsr) (Galvanic Skin Response),1,Nan,SIN ENLACE DE REFERENCIA,
Sin Categoria,Cable Sensor Electromiografia ,1,Nan,SIN ENLACE DE REFERENCIA,
Sin Categoria,Cable Sensor Ronquido (Snore),1,Nan,SIN ENLACE DE REFERENCIA,
Sin Categoria,Cable Sensor Electrocardiografia (Electrocardiography),1,Nan,SIN ENLACE DE REFERENCIA,
Sin Categoria,Sensor Boton De Alarma Alarm Button Ble),1,Nan,SIN ENLACE DE REFERENCIA,
Sin Categoria,Sensor Presion Sanguinea,1,Nan,SIN ENLACE DE REFERENCIA,
Sin Categoria,Sensor Glucometro (Ble),1,Nan,SIN ENLACE DE REFERENCIA,
Sin Categoria,Sensor Spo2 (Ble),1,Nan,SIN ENLACE DE REFERENCIA,
Sin Categoria,Sensor Posicion Del Cuerpo (Body Position),1,Nan,SIN ENLACE DE REFERENCIA,
Sin Categoria,Banda Elastica,2,Nan,SIN ENLACE DE REFERENCIA,
Sin Categoria,Cable Presion Sanguinea (Blood Pressure),1,Nan,SIN ENLACE DE REFERENCIA,
Sin Categoria,Sensor Temperatura Del Cuerpo (Body Temperature Ble),1,Nan,SIN ENLACE DE REFERENCIA,
Sin Categoria,Pruebas Glucometro,25,Nan,SIN ENLACE DE REFERENCIA,
Sin Categoria,Tarjeta De Codigo Glucometro,1,Nan,SIN ENLACE DE REFERENCIA,
Sin Categoria,Sensor Espirometro (Spirometer),1,Nan,SIN ENLACE DE REFERENCIA,
Sin Categoria,Oculus Rift S,2,Nan,SIN ENLACE DE REFERENCIA,
Sin Categoria,Oculus Quest 2,1,Nan,SIN ENLACE DE REFERENCIA,
Sin Categoria,"Brazalete Myo + Cable Usb + 2 Conectores + 10 Ganchos, Bf-B5",1,En El Bosque,SIN ENLACE DE REFERENCIA,
Sin Categoria,"Placa My Signals H00224, Cargador 7V-2.85A + Cable Ac + Lapiz Tactil",1,Nan,SIN ENLACE DE REFERENCIA,
Sin Categoria,Boligrafo Indicador De Polaridad Ax002N (Punta Logica),8,Nan,SIN ENLACE DE REFERENCIA,
Sin Categoria,"Pinzas Amperimetricas Amprobe. Sn: 12110235; 12110229; 12110233;
180400171; 180400179; 180400166; 180400176; 180400177; 180400173;
170800499.",10,Se Encuentran En Los Locker Del Centro De Estudios ,SIN ENLACE DE REFERENCIA,
Sin Categoria,Pelacables Pro'Skit Ref: Cp-108 = 5 Un. Y Marca Talon = 10 Un.,2,Nan,SIN ENLACE DE REFERENCIA,
Sin Categoria,Placa Heart Monitor Ad8232 + Cables 3 Electrodos : 11 Unidades,7,Nan,SIN ENLACE DE REFERENCIA,
Sin Categoria,Termocupla--Accesorio Multimetro,10,Nan,SIN ENLACE DE REFERENCIA,
Sin Categoria,Detector De Voltaje Fluke,10,Nan,SIN ENLACE DE REFERENCIA,
Sin Categoria,"Panel De Señalizacion En Español, Osciloscopio",10,Nan,SIN ENLACE DE REFERENCIA,
Sin Categoria,Proteccion Puntas Multimetro Color Negro Y Rojo,19,Nan,SIN ENLACE DE REFERENCIA,
Sin Categoria,Cables Bnc A Bnc Generador De Señales,20,Nan,SIN ENLACE DE REFERENCIA,
Sin Categoria,Placa Bluetooth Hc05 (Zs-040),3,Nan,SIN ENLACE DE REFERENCIA,
Sin Categoria,Pinza 376 Fc Fluke,1,Esta En El Locker De Centro De Estudios,SIN ENLACE DE REFERENCIA,
Sin Categoria,"Mototool Dremel 3000, Eje Flexible Modelo 225 + 2 Aditamientos + 30
Accesorios + 7 Puntas-Brocas Mototool",1,Nan,SIN ENLACE DE REFERENCIA,Bosque
Sin Categoria,"Kit De Herramientas Electronicas Proskit Pk 15307 Incluye:
Kit De Herramientas Electronicas,Alicates De Punta Larga 135Mm, Alicate De Corte Diagonal 110 Mm, Alicate De Liniero Doble Color 210 Mm Alicates De Punta Larga De Color Doble 165 
Conjunto De Flete De Aguja 5 Piezas , Ceramica Soldador 110 V, 
31 2 Mutimetro Digital Compacto Cinta Metrica 3M 10Ft, Nucleo 
De Soldadura 63% Sn, Juego De Llaves Hexagonaes 7Pcs, Cortador De 
Pelacables, Cuchillo, Recortador Multiuso,Herramientas De 
Ayuda De Soldadura, Bomba Desoldadora, Llave Combinada
Electronica De 10 Piezas Botella Fundente",1,Nan,SIN ENLACE DE REFERENCIA,Incompleta
Sin Categoria,"Estacion Soldadora De Soldadura 8007-0454 Referencia: 
Mbt 350 Incluye : 6 Puntas; Sn:N00035125",1,Nan,SIN ENLACE DE REFERENCIA,
Sin Categoria,"Placa My Signals H00265, Cargador 7V-2.85A + Cable Ac + Lapiz Tactil",1,Nan,SIN ENLACE DE REFERENCIA,
Sin Categoria,Compra De Cpld,9,Nan,SIN ENLACE DE REFERENCIA,
Sin Categoria,Gafas De Protección,2,Nan,SIN ENLACE DE REFERENCIA,
Sin Categoria,"Diadema Emotiv Epoc+, Cable Usb + 2 Cajas De Sensores:16 Unidades C/U, + Usb+ Tarro Biotrue Caja N°2",2,Nan,SIN ENLACE DE REFERENCIA,
Sin Categoria,"Camaras De Video Canon, Ref: Vixia Hf R800 + Cargador Canon De 5.3V + Cable Usb + Cable 
Cable Hdmi + Bateria Li-Ion Canon + Manual Usuario. Sn: N00037104; N00037103.",1,Nan,SIN ENLACE DE REFERENCIA,Fallando
Sin Categoria,Pistola Sopladora/Aspiradora,1,Nan,SIN ENLACE DE REFERENCIA,
Sin Categoria,Boquilla Para Impresora 3D,10,Nan,SIN ENLACE DE REFERENCIA,No son compatibles con ninguna de las dos impresora que se tienen
Sin Categoria,Llaves Bristol: 6Mm; 5Mm; 4Mm; 3Mm; 2.5Mm; 2Mm; 1.5Mm,1,Nan,SIN ENLACE DE REFERENCIA,
Sin Categoria,Soporte Para Cautin Con Lupa Zd10Mb,1,Nan,SIN ENLACE DE REFERENCIA,
Sin Categoria,Estación De Trabajo Dremel 220 A,1,Nan,SIN ENLACE DE REFERENCIA,
Sin Categoria,Caja De Accesorios Mototool,1,Nan,SIN ENLACE DE REFERENCIA,Bosque
Sin Categoria,Cautin Para Soldar ( 2 Marcas Weller),1,Nan,SIN ENLACE DE REFERENCIA,
Sin Categoria,Brazo Estabilizador De Celular Dji Om 4,1,Nan,SIN ENLACE DE REFERENCIA,Se le presto al ing. alejandro
